{
    "loss": 1.0692734718322754,
    "accuracy": 0.8362069129943848
}