{
    "loss": 1.440305233001709,
    "accuracy": 0.6982758641242981
}